Lot #,id,Reg #,name,Birthday,ProS,ProS%,HB,HB%,GM,GM%,CED,CED%,BW,BW%,WW,WW%,YW,YW%,ADG,ADG%,DMI,DMI%,M,M%,ME,ME%,HPG,HPG%,CEM,CEM%,ST,ST%,MA,MA%,YG,YG%,CW,CW%,REA,REA%,FT,FT%,bw,bw_a,bw_r,ww,ww_a,ww_r,yw,yw_a,yw_r,adg,adg_r,wda,wda_r,scr_a,us_mb_a,us_mb_r,us_rea_a,us_rea_r,us_ft_a,us_ft_r,sirereg#,sire_name,geneticdam_reg#,geneticdam_Name,geneticdam_bdate,dmppa
1,524,5174189,LOOSLI FLASHDRIVE 524,01-27-2025,168,2,68,22,100,1,13,42,-0.5,75,84,6,143,3,0.37,2,1.27,94,32,5,16,96,11,64,6,62,20,5,0.99,1,0.13,87,37,9,0.32,17,0.05,96,85,85,100,712,692,104,1240,1224,114,3.32,131,3.32,131,35.71,4.51,117,13.88,116,0.35,136,4789398,BIEBER FLASHDRIVE L179,4281249,MISS LOOSLI REDD 006,01-16-2020,102
2,521,5174183,LOOSLI LEAD 521,01-26-2025,147,7,72,18,75,11,13,44,-3.7,18,83,6,135,6,0.33,8,0.94,74,29,17,9,78,14,11,8,35,17,29,0.59,23,0.14,88,39,7,0.22,33,0.03,86,76,84,98,704,750,113,1185,1236,115,3.03,119,3.03,119,,4.8,125,13.5,113,0.28,108,4838476,LOOSLI LEAD OFF 333,4838926,MISS LOOSLI X-PORTER 399,03-01-2023,105
3,531,5174203,LOOSLI COMPLETE 531,01-28-2025,114,35,43,68,71,16,13,48,-1.3,59,86,4,145,2,0.37,2,1.08,85,30,12,16,95,15,9,7,58,14,70,0.49,39,0.08,64,35,12,0.2,35,0.01,50,83,85,100,696,693,104,1185,1186,111,3.08,121,3.08,121,36.24,5.11,133,11.99,100,0.27,104,4543551,TKP COMPLETE 1595,4516883,MISS LOOSLI SILVER 1114,02-24-2021,100
4,529,5174199,LOOSLI FLASHDRIVE 529,01-28-2025,157,4,88,5,69,18,13,50,-1.9,49,82,8,145,2,0.39,1,1.35,96,34,2,20,99,12,36,9,16,22,1,0.49,39,0.07,63,31,20,0.19,37,0.02,58,87,87,102,754,735,110,1205,1189,111,2.84,112,2.84,112,34.24,2.78,72,13.85,115,0.26,101,4789398,BIEBER FLASHDRIVE L179,4281273,MISS LOOSLI TOP LINE 018,01-20-2020,105
5,587,5174309,LOOSLI COMPLETE 587,02-13-2025,141,10,73,17,68,19,13,44,-2.5,37,82,8,132,9,0.31,11,0.91,72,33,4,8,73,12,34,8,37,17,20,0.59,23,0.22,99,36,10,-0.06,84,0.03,88,87,87,102,714,737,111,1190,1216,114,2.99,118,2.99,118,36.26,4.73,123,12.45,104,0.32,126,4543551,TKP COMPLETE 1595,3819911,MISS LOOSLI FRONTIER 739,02-09-2017,105
6,568,5174273,LOOSLI LEAD 568,02-07-2025,81,82,50,55,31,88,8,90,0.9,91,89,2,146,2,0.36,3,0.99,78,27,34,9,77,14,14,7,47,13,76,0.05,99,0.11,82,37,9,-0.01,77,0,19,95,96,112,721,731,110,1160,1174,110,2.76,109,2.76,109,35.56,2.7,70,12.36,103,0.26,102,4838476,LOOSLI LEAD OFF 333,3571518,MISS LOOSLI SAGA 60-635,02-05-2016,106
7,539,5174215,LOOSLI FLASHDRIVE 539,01-30-2025,142,10,56,44,86,4,16,22,-2.4,39,81,9,130,10,0.31,14,1.15,89,31,8,16,95,13,32,7,49,17,24,0.9,3,0.08,67,35,12,0.45,6,0.05,96,83,83,97,742,722,108,1175,1158,108,2.72,107,2.72,107,36.81,4.66,121,11.8,98,0.37,144,4789398,BIEBER FLASHDRIVE L179,3907041,MISS LOOSLI BROOK 8116,03-17-2018,102
8,523,5174187,LOOSLI COMPLETE 523,01-27-2025,98,59,29,88,69,17,6,96,1,92,88,3,156,1,0.43,1,1.25,93,26,48,19,98,13,27,5,88,14,70,0.42,52,0.21,98,39,7,0.02,71,0.04,91,95,96,112,710,699,105,1235,1230,115,3.3,130,3.3,130,35.71,3.35,87,12.07,101,0.26,100,4543551,TKP COMPLETE 1595,1716934,MISS LOOSLI STING 4130,03-19-2014,98
9,5221,5174567,LOOSLI COLLUSION 5221,01-26-2025,120,28,66,26,54,42,9,85,0.5,88,81,8,130,10,0.3,16,0.94,75,24,68,4,53,13,29,5,81,17,28,0.49,39,0.1,77,27,30,-0.04,82,0,35,95,95,111,730,701,105,1170,1144,107,2.77,109,2.77,109,38.68,3.88,101,11.86,99,0.18,69,4534673,C-BAR FORTUNE 263J,4131672,MISS LOOSLI ULTIMATUM 941,01-29-2019,103
10,533,5174207,LOOSLI LEAD 533,01-29-2025,128,20,68,22,60,32,8,87,-1.6,54,80,11,132,8,0.33,8,1.02,81,29,21,12,88,14,15,6,62,17,19,0.47,42,0.22,99,35,12,-0.05,83,0.04,92,88,95,111,682,734,110,1140,1197,112,2.88,113,2.88,113,36.77,3.57,93,12.19,102,0.3,116,4838476,LOOSLI LEAD OFF 333,4838846,MISS LOOSLI GLADIATOR 359,02-11-2023,104
11,N2,5135007,LOOSLI JM IGNITE N2,12-28-2024,109,42,63,31,47,62,22,1,-3.6,19,73,25,120,23,0.29,22,0.52,26,27,34,11,86,9,89,9,13,19,8,0.48,40,0.17,95,14,79,-0.09,88,0.05,97,80,80,99,840,712,99,1164,1049,101,2.1,105,2.1,105,38.74,4.14,131,11.91,92,0.26,117,4633943,MEEK IGNITE K3,3907045,MISS LOOSLI BROOK 8153,03-31-2018,102
12,513,5174169,LOOSLI COMPLETE 513,01-24-2025,86,77,58,39,27,92,14,37,-2.4,39,70,35,115,31,0.28,27,1,79,31,9,13,91,14,13,6,67,17,22,0.21,94,0.06,59,19,62,0.13,49,0.03,76,80,82,96,713,700,105,1075,1066,100,2.28,90,2.28,90,37.11,3.07,80,12.4,103,0.26,100,4543551,TKP COMPLETE 1595,4516939,MISS LOOSLI ULTIMATUM 1162,03-25-2021,99
13,509,5174161,LOOSLI FLASHDRIVE 509,01-24-2025,149,6,64,29,85,5,16,18,-4.2,13,80,10,126,14,0.28,24,1.29,94,34,2,16,96,12,35,10,6,17,27,0.83,5,0.18,96,49,2,0.46,5,0.06,99,85,85,100,749,713,107,1170,1137,106,2.65,104,2.65,104,34.11,5.55,144,12.68,106,0.34,131,4789398,BIEBER FLASHDRIVE L179,4131656,MISS LOOSLI TRIAD 932,01-23-2019,105
14,552,5174241,LOOSLI COMPLETE 552,02-02-2025,109,43,37,78,72,15,7,93,0.9,91,89,2,152,1,0.39,1,1.15,89,32,6,15,95,15,8,3,98,14,58,0.48,40,0.31,99,47,2,-0.22,97,0.03,83,90,91,107,702,710,107,1160,1172,109,2.88,113,2.88,113,34.4,2.88,75,10.28,86,0.25,97,4543551,TKP COMPLETE 1595,4516917,MISS LOOSLI ULTIMATUM 105,01-18-2021,108
15,526,5174193,LOOSLI ADVANTAGE 526,01-27-2025,108,44,75,14,33,86,15,31,-2.6,35,71,33,104,54,0.2,77,0.92,72,33,3,2,41,13,27,9,15,16,32,0.36,74,0.08,68,26,35,-0.02,79,0,29,85,85,100,721,695,104,1130,1107,103,2.57,101,2.57,101,40.21,4.19,109,12.21,102,0.3,116,4766803,VGW ADVANTAGE 343,4131762,MISS LOOSLI SAGA 983,02-28-2019,101
16,553,5174243,LOOSLI COMPLETE 553,02-03-2025,133,15,91,4,42,72,15,24,-2.1,44,67,47,112,37,0.28,27,0.94,74,32,4,8,76,13,27,8,29,21,2,0.44,48,0.2,98,19,65,-0.29,98,0.03,77,86,86,101,632,625,94,1110,1106,103,3.01,119,3.01,119,37.94,3.74,97,10.86,91,0.26,101,4543551,TKP COMPLETE 1595,3906823,MISS LOOSLI FRONTIER 882,03-02-2018,100
17,527,5174195,LOOSLI ADVANTAGE 527,01-27-2025,145,8,111,1,34,85,19,5,-4.7,8,64,61,94,74,0.19,84,1.04,82,33,3,4,53,13,19,11,2,22,1,0.54,30,0.22,99,20,60,-0.23,97,0.04,92,83,83,97,704,679,102,1095,1073,100,2.46,97,2.46,97,36.71,3.05,79,10.87,91,0.26,100,4766803,VGW ADVANTAGE 343,4131746,MISS LOOSLI TRIAD 975,02-20-2019,101
18,549,5174235,LOOSLI COMPLETE 549,02-02-2025,85,77,31,86,54,44,13,52,-1.1,64,80,10,136,6,0.35,4,1.06,84,33,3,15,94,12,34,6,62,13,78,0.53,32,0.26,99,24,48,-0.19,96,0.05,98,80,88,103,686,755,113,1055,1128,105,2.32,91,2.32,91,37.9,5.35,139,11.83,99,0.34,133,4543551,TKP COMPLETE 1595,4838740,MISS LOOSLI AGENT 3149,03-31-2023,105
19,554,5174245,LOOSLI COMPLETE 554,02-03-2025,107,46,59,37,47,60,11,64,-2.2,43,78,14,123,18,0.28,25,1.12,87,30,13,13,90,16,4,7,51,15,46,0.5,37,0.17,95,27,32,-0.04,82,0.03,86,87,87,102,738,729,110,1080,1073,100,2.15,85,2.15,85,34.44,3.82,99,11.94,100,0.34,133,4543551,TKP COMPLETE 1595,3907251,MISS LOOSLI BOURNE 828,01-28-2018,105
20,557,5174251,LOOSLI FLASHDRIVE 557,02-03-2025,133,15,78,11,54,42,12,63,-2.7,34,77,17,127,13,0.32,10,1.39,97,30,15,17,97,12,36,8,39,21,3,0.45,47,0.11,80,32,17,0.23,30,0.03,88,86,87,102,643,643,97,1110,1114,104,2.94,116,2.94,116,33.94,2.6,67,11.78,98,0.28,109,4789398,BIEBER FLASHDRIVE L179,3571532,MISS LOOSLI FRONTIER 648,02-11-2016,103
21,567,5174271,LOOSLI COMPLETE 567,02-07-2025,123,24,38,77,85,5,7,91,1.1,93,88,3,156,1,0.43,1,1.18,91,28,23,13,92,14,13,4,93,14,63,0.56,27,0.2,98,43,4,0.04,67,0.03,83,92,96,112,591,636,96,1110,1160,108,3.26,128,3.26,128,34.56,3.67,95,12.21,102,0.41,161,4543551,TKP COMPLETE 1595,4598657,MISS LOOSLI TRIAD 2101,02-23-2022,98
22,570,5174277,LOOSLI LEAD 570,02-07-2025,160,3,99,1,61,30,11,72,-0.8,70,82,8,135,6,0.33,6,1,80,29,23,9,79,15,8,6,67,22,1,0.32,80,0.09,72,42,5,0.27,25,0.02,59,90,91,107,712,730,110,1255,1279,119,3.42,135,3.42,135,39.56,3.68,95,13.42,112,0.32,125,4838476,LOOSLI LEAD OFF 333,1716938,MISS LOOSLI ON EDGE 409,01-23-2014,108
23,586,5174307,LOOSLI REALITY 586,02-12-2025,154,4,46,62,108,1,3,99,4.4,99,102,1,171,1,0.43,1,1.05,83,29,22,11,85,14,11,5,88,14,62,0.71,12,0.02,33,55,1,0.64,1,0.01,52,109,109,128,732,750,113,1155,1176,110,2.66,105,2.66,105,37.23,3.69,96,12.52,104,0.23,91,4793644,5L GENUINE 281-52L,3907185,MISS LOOSLI BOURNE 845,01-31-2018,107
24,N11,5135019,LOOSLI JM IGNITE N11,02-26-2025,119,29,53,49,66,22,18,9,-4.8,8,75,21,114,32,0.24,50,0.61,35,28,30,7,71,11,65,10,4,14,61,0.56,27,0.05,52,32,18,0.22,33,0.01,47,80,84,104,715,803,112,1075,1179,114,2.34,117,2.34,117,37.18,3.26,103,12.77,99,0.21,97,4633943,MEEK IGNITE K3,4633963,MEEK SLEEK ET 8K,02-20-2022,107
25,571,5174279,LOOSLI REALITY 571,02-08-2025,150,6,69,21,81,7,16,20,-2.3,41,94,1,153,1,0.36,2,1.09,85,27,36,10,83,12,36,10,4,15,44,0.77,8,0.14,91,36,10,0.15,45,0.03,85,74,81,95,634,713,107,1125,1209,113,3.09,122,3.09,122,35.1,5.05,131,12.38,103,0.44,172,4793644,5L GENUINE 281-52L,4838780,MISS LOOSLI FOREMAN 326,01-30-2023,103
26,5108,5174349,LOOSLI ADVANTAGE 5108,02-26-2025,57,97,49,56,8,99,11,67,-0.4,77,85,5,120,22,0.22,67,1.1,86,29,22,8,73,11,53,6,73,15,53,0.32,80,0.03,36,12,83,0.07,61,0.01,52,95,96,112,708,790,119,995,1080,101,1.81,71,1.81,71,35.68,3.44,89,12.87,107,0.21,84,4766803,VGW ADVANTAGE 343,4516901,MISS LOOSLI SPARTACUS 114,01-20-2021,104
27,507,5174159,LOOSLI HARD DRIVE 507,01-24-2025,151,6,61,33,90,3,14,36,-1.9,49,82,8,130,10,0.3,15,1.13,88,27,41,13,91,13,22,7,49,17,27,0.8,6,-0.03,16,40,6,0.62,1,0.02,59,83,84,98,656,632,95,1090,1069,100,2.73,108,2.73,108,34.61,4.57,119,11.55,96,0.34,131,4704229,PIE HARD DRIVE 2052,4281431,MISS LOOSLI STILLWATER 071,02-16-2020,95
28,563,5174263,LOOSLI FLASHDRIVE 563,02-06-2025,113,37,50,55,63,26,13,53,-2.6,35,65,55,106,48,0.26,41,1.27,94,36,1,18,98,12,47,8,31,17,28,0.68,14,0.08,66,25,38,0.26,26,0.04,91,88,88,103,720,722,108,1060,1064,99,2.14,84,2.14,84,33.03,3.76,98,12.31,103,0.26,102,4789398,BIEBER FLASHDRIVE L179,4131776,MISS LOOSLI DIESEL 990,03-03-2019,107
29,5130,5174393,LOOSLI FLASHDRIVE 5130,03-11-2025,134,14,51,52,83,6,13,47,-0.8,70,89,2,143,3,0.34,6,1.32,95,29,21,14,92,11,54,8,25,15,55,0.76,8,0.05,49,40,6,0.38,10,0.02,58,87,87,102,606,706,106,1035,1138,106,2.7,106,2.7,106,36.1,3.48,90,13.04,109,0.24,94,4789398,BIEBER FLASHDRIVE L179,4281313,MISS LOOSLI TRIAD 038,01-30-2020,101
30,528,5174197,LOOSLI COMPLETE 528,01-27-2025,83,80,23,93,60,32,14,35,-2.4,39,77,17,135,7,0.36,2,1.15,89,31,9,16,96,11,62,7,56,12,80,0.45,47,0.19,97,28,27,-0.09,88,0.03,83,87,87,102,696,671,101,1170,1148,107,2.98,117,2.98,117,36.21,2.73,71,10.79,90,0.26,100,4543551,TKP COMPLETE 1595,4131828,MISS LOOSLI MERLIN 9116,03-10-2019,102
31,555,5174247,LOOSLI LEAD 555,02-03-2025,169,1,83,8,86,4,12,61,-2.3,41,84,5,137,5,0.33,7,1.12,87,25,52,9,77,14,13,8,29,18,13,0.64,18,0.08,66,48,2,0.28,24,0,33,80,88,103,641,710,107,1055,1129,105,2.6,102,2.6,102,33.44,4.91,127,11.2,93,0.26,101,4838476,LOOSLI LEAD OFF 333,4838924,MISS LOOSLI PROFITEER 398,02-28-2023,103
32,5110,5174353,LOOSLI FLASHDRIVE 5110,02-28-2025,106,47,33,84,73,13,12,55,-0.4,77,79,12,129,11,0.31,12,1.64,99,29,22,21,99,10,75,7,45,15,55,0.89,3,0.11,82,30,23,0.14,47,0.03,82,84,84,98,644,707,106,1060,1126,105,2.62,103,2.62,103,35.25,5.24,136,12.5,104,0.24,92,4789398,BIEBER FLASHDRIVE L179,3907449,MISS LOOSLI REAL DEAL 8124,03-18-2018,108
33,5148,5174429,LOOSLI COLLUSION 5148,03-20-2025,163,2,67,24,95,2,12,59,-1.3,59,74,23,127,13,0.33,6,0.95,75,22,84,6,63,10,77,6,77,19,9,0.79,7,0.13,87,39,7,0.13,49,0.02,64,90,90,105,581,706,106,1060,1188,111,3.01,119,3.01,119,37.39,5.45,142,11.71,98,0.3,118,4534673,C-BAR FORTUNE 263J,4281241,MISS LOOSLI TRIAD 002,01-14-2020,102
34,583,5174303,LOOSLI FOREMAN 583,02-11-2025,93,67,43,68,50,54,10,74,-1.1,64,86,4,144,3,0.36,3,1.09,85,22,81,10,81,16,2,5,81,12,81,0.34,77,0.12,84,29,25,0.03,69,0.02,62,81,89,104,606,696,105,1080,1175,110,2.98,117,2.98,117,32.19,3.57,93,11.94,100,0.23,90,3744501,5L FOREMAN 2174-370E,4838688,MISS LOOSLI ULTIMATUM 3124,03-16-2023,102
35,543,5174223,LOOSLI ADVANTAGE 543,01-31-2025,119,28,65,27,55,41,23,1,-5.8,3,73,25,106,48,0.21,77,1.04,82,34,2,5,59,17,2,9,14,16,42,0.81,6,0.09,73,21,58,0.01,73,0.02,62,58,58,68,611,596,90,1040,1028,96,2.7,106,2.7,106,22.34,5.32,138,11.87,99,0.24,93,4766803,VGW ADVANTAGE 343,3907341,MISS LOOSLI BOURNE 829,01-28-2018,99
36,558,5174253,LOOSLI COMPLETE 558,02-02-2025,145,8,75,14,70,17,16,18,-3,29,70,34,122,19,0.32,9,1.15,89,27,38,12,87,14,11,7,55,19,6,0.78,7,0.23,99,23,50,0.02,71,0.07,99,85,89,104,591,622,93,1075,1111,104,3.04,120,3.04,120,35.9,5.07,132,11.9,99,0.34,133,4543551,TKP COMPLETE 1595,4598233,MISS LOOSLI STOCKMARKET 245,02-01-2022,91
37,517,5174883,LOOSLI LEAD 517,01-25-2025,132,16,73,16,59,33,10,78,0,83,83,7,138,5,0.35,4,1.26,93,24,72,10,80,13,26,6,62,18,14,0.4,56,0.15,92,39,7,-0.04,82,0.01,37,82,90,105,580,633,95,1005,1063,99,2.67,105,2.67,105,33.64,4.65,121,10.04,84,0.26,100,4838476,LOOSLI LEAD OFF 333,4838686,MISS LOOSLI COLLUSION 3123,03-16-2023,98
38,559,5174255,LOOSLI FOREMAN 559,02-04-2025,81,82,48,59,33,86,13,50,-1.6,54,81,9,128,12,0.29,20,1.16,89,24,62,12,88,14,10,8,35,13,73,0.23,92,0,24,27,30,0.23,30,0,14,83,90,105,652,721,108,1005,1078,101,2.22,87,2.22,87,37.97,3.26,85,11.57,96,0.18,70,3744501,5L FOREMAN 2174-370E,4838792,MISS LOOSLI AGENT 332,02-02-2023,103
39,5169,5174471,LOOSLI FLASHDRIVE 5169,03-28-2025,177,1,66,26,112,1,10,75,2,97,104,1,167,1,0.39,1,1.39,97,30,13,18,97,13,24,7,41,17,29,1.07,1,0,23,52,1,0.61,2,0.01,37,85,89,104,562,748,112,1040,1231,115,3.01,119,3.01,119,34.65,5.8,151,13.55,113,0.2,80,4789398,BIEBER FLASHDRIVE L179,4598143,MISS LOOSLI MISSION 2124,03-06-2022,103
40,569,5174275,LOOSLI COLLUSION 569,02-07-2025,106,47,67,24,38,78,17,14,-3,29,69,41,115,30,0.29,21,0.88,69,29,21,4,50,10,75,8,31,18,16,0.22,93,0.09,74,25,37,-0.04,82,0,35,75,76,89,658,668,100,1085,1099,103,2.69,106,2.69,106,36.06,2.99,78,12.99,108,0.21,82,4534673,C-BAR FORTUNE 263J,3571489,MISS LOOSLI FRONTIER 603,01-19-2016,102
41,551,5174239,LOOSLI LEAD 551,02-02-2025,125,22,89,4,36,82,11,69,0.9,91,77,15,132,9,0.34,5,0.97,77,27,41,9,77,14,13,6,66,21,3,0.22,93,0.09,71,21,57,-0.03,80,0.01,45,86,87,102,620,626,94,1175,1187,111,3.49,138,3.49,138,40.4,4.04,105,12.98,108,0.29,113,4838476,LOOSLI LEAD OFF 333,3472253,MISS LOOSLI ON EDGE 565,02-17-2015,102
42,5127,5174387,LOOSLI COMPLETE 5127,03-11-2025,137,13,52,50,85,5,12,60,-2.5,37,80,11,137,5,0.36,3,0.91,71,29,18,8,74,14,15,6,67,14,58,0.67,15,0.21,98,38,8,-0.01,77,0.03,88,78,82,96,605,741,111,1070,1211,113,2.92,115,2.92,115,37.1,5.37,140,11.01,92,0.36,141,4543551,TKP COMPLETE 1595,4598533,MISS LOOSLI TRIAD 2126,03-11-2022,99
43,5164,5174461,LOOSLI FLASHDRIVE 5164,03-26-2025,151,6,59,37,92,2,13,48,-0.8,70,81,9,128,12,0.29,20,1.08,85,22,82,14,92,12,51,8,24,16,32,1,1,0.16,93,39,7,0.27,25,0.05,96,87,87,102,526,653,98,1025,1155,108,3.14,124,3.14,124,35.59,4.65,121,12.08,101,0.29,115,4789398,BIEBER FLASHDRIVE L179,4131854,MISS LOOSLI FRONT LINES 9129,03-17-2019,91
44,544,5174225,LOOSLI COLLUSION 544,01-31-2025,101,55,65,27,35,83,19,6,-2.4,39,61,70,101,59,0.25,47,0.72,52,25,61,7,67,9,91,9,15,19,10,0.32,80,0.08,67,14,79,-0.06,84,0.01,55,80,80,94,679,665,100,1045,1034,97,2.3,91,2.3,91,35.34,3.41,89,12.62,105,0.18,70,4534673,C-BAR FORTUNE 263J,3819681,MISS LOOSLI FRONT LINES 722,02-02-2017,103
45,506,5174157,LOOSLI COLLUSION 506,01-23-2025,139,12,90,4,49,57,19,7,-6,2,51,93,83,90,0.2,81,0.81,63,24,64,1,37,11,60,8,24,22,1,0.84,4,0.18,96,2,96,-0.4,99,0.03,86,79,79,93,644,612,92,995,965,90,2.21,87,2.21,87,34.58,5.13,133,12.51,104,0.39,151,4534673,C-BAR FORTUNE 263J,4131664,MISS LOOSLI TRIAD 936,01-26-2019,99
46,512,5174167,LOOSLI ADVANTAGE 512,01-24-2025,133,15,84,7,50,54,14,37,-2.3,41,88,3,136,6,0.3,15,1.21,92,33,3,2,39,16,3,9,20,16,41,0.45,47,0.05,51,32,18,0.22,33,0.01,47,75,76,89,711,684,103,1120,1096,102,2.57,101,2.57,101,38.61,4.01,104,13.18,110,0.3,116,4766803,VGW ADVANTAGE 343,4276649,LSF SRR CRYSTAL E7400 H0147,02-01-2020,100
47,519,5174179,LOOSLI FLASHDRIVE 519,01-26-2025,124,23,56,42,68,20,15,31,-3.4,22,68,44,117,26,0.31,13,1.28,94,29,21,16,96,12,37,9,14,17,29,0.55,29,0.17,95,35,11,0.32,17,0.06,99,86,87,102,629,617,93,1100,1093,102,2.96,117,2.96,117,35.68,4.36,113,12.16,101,0.27,104,4789398,BIEBER FLASHDRIVE L179,1740211,MISS LOOSLI COUNTRY RDS 5165,05-05-2015,98
48,5128,5174389,LOOSLI FLASHDRIVE 5128,03-11-2025,141,10,59,38,82,6,12,59,-1.8,50,87,3,143,3,0.35,4,1.45,98,33,4,22,99,11,71,8,39,18,12,0.76,8,-0.11,3,32,17,0.64,1,0,28,87,87,102,656,766,115,1070,1183,110,2.6,102,2.6,102,34.1,3.34,87,14.32,119,0.29,113,4789398,BIEBER FLASHDRIVE L179,4281389,MISS LOOSLI MERLIN 050,02-05-2020,105
49,541,5174219,LOOSLI ADVANTAGE 541,01-31-2025,117,31,60,36,58,36,13,44,-3,29,76,18,121,21,0.28,27,1,79,28,25,5,55,13,19,8,27,14,61,0.51,35,0.15,92,33,16,0.04,67,0.03,77,80,80,94,603,597,90,985,982,92,2.4,94,2.4,94,34.34,2.97,77,10.93,91,0.23,89,4766803,VGW ADVANTAGE 343,4281271,MISS LOOSLI TRIAD 017,01-20-2020,94
50,5103,5174339,LOOSLI SUPREMACY 5103,02-24-2025,115,34,57,42,59,33,8,87,-0.2,80,86,4,125,15,0.25,49,0.97,77,28,26,7,71,14,10,5,87,15,49,0.63,19,0.02,34,32,18,0.26,26,0,33,90,90,105,691,747,112,1095,1154,108,2.54,100,2.54,100,37.62,4.11,107,12.96,108,0.3,119,4527725,5L SUPREMACY 459-76J,4131686,MISS LOOSLI TRIAD 947,01-30-2019,105
51,5102,5174337,LOOSLI COMPLETE 5102,02-23-2025,132,16,54,46,78,9,8,88,1,92,75,20,129,12,0.33,7,1,79,30,13,13,90,14,15,6,76,16,36,0.67,15,0.21,98,35,12,0.04,67,0.05,97,93,97,114,608,692,104,995,1083,101,2.43,96,2.43,96,36.08,4.81,125,11.5,96,0.26,104,4543551,TKP COMPLETE 1595,4597955,MISS LOOSLI ULTIMATUM 220,01-27-2022,100
52,536,5174211,LOOSLI FOREMAN 536,01-29-2025,124,23,81,9,43,69,18,9,-3,29,70,35,111,39,0.25,44,1.27,94,25,59,5,55,17,1,10,6,16,33,0.64,18,0.08,64,13,82,0.04,67,0.03,79,68,68,80,599,582,87,1000,986,92,2.52,99,2.52,99,32.77,4.97,129,11.14,93,0.28,109,3744501,5L FOREMAN 2174-370E,4131638,MISS LOOSLI ULTIMATUM 924,01-20-2019,103
53,537,5176843,LOOSLI COLLUSION 537,01-29-2025,158,3,97,2,61,29,19,7,-5.3,5,59,77,94,75,0.21,72,0.71,52,23,75,2,40,11,61,10,4,21,2,0.77,8,0.14,90,15,75,-0.26,98,0.01,49,78,78,,708,687,,1070,1051,,2.28,,2.28,,35.27,2.96,,11.79,,0.25,,4534673,C-BAR FORTUNE 263J,4131658,MISS LOOSLI TRIAD 933,01-24-2019,100
54,5000,5174333,LOOSLI COLLUSION 5000,02-22-2025,114,36,51,53,63,27,15,29,-2.1,44,69,38,109,42,0.25,46,0.88,69,28,26,8,75,10,73,8,29,15,45,0.58,24,0.07,62,28,28,0.2,35,0.02,70,87,87,102,644,690,104,1035,1084,101,2.46,97,2.46,97,34.05,4.11,107,11.87,99,0.24,96,4534673,C-BAR FORTUNE 263J,4131714,MISS LOOSLI PROFIT 959,02-11-2019,105
55,599,5174331,LOOSLI COMPLETE 599,02-20-2025,114,36,44,66,69,17,8,87,-0.8,70,82,8,139,4,0.36,3,1,80,30,11,12,88,13,31,5,81,14,57,0.42,52,0.09,71,37,9,0.19,37,0.01,50,93,93,109,610,645,97,1090,1128,105,3.02,119,3.02,119,38.49,4.16,108,12.36,103,0.18,72,4543551,TKP COMPLETE 1595,3906937,MISS LOOSLI FRONTIER 871,02-19-2018,102
56,518,5174177,LOOSLI COMPLETE 518,01-25-2025,107,45,59,38,48,58,14,37,-3.1,26,67,45,114,33,0.29,22,1.02,81,29,20,11,86,14,16,8,29,16,38,0.58,24,0.18,96,14,80,-0.14,92,0.05,96,78,79,93,581,562,84,1005,990,92,2.67,105,2.67,105,33.64,3.4,88,11.94,99,0.26,100,4543551,TKP COMPLETE 1595,3571588,MISS LOOSLI SAGA 60-6110,03-08-2016,97
57,511,5174165,LOOSLI COMPLETE 511,01-24-2025,123,24,85,6,38,79,17,15,-3.8,17,67,47,114,31,0.3,18,1,79,28,23,11,85,12,39,8,27,21,2,0.44,48,0.09,70,7,92,-0.06,84,0.03,80,85,87,102,610,601,90,985,980,92,2.36,93,2.36,93,33.61,2.84,74,12.14,101,0.19,73,4543551,TKP COMPLETE 1595,4504825,MISS LOOSLI SPARTACUS 144,01-29-2021,98
58,566,5174269,LOOSLI FLASHDRIVE 566,02-06-2025,141,10,89,4,52,47,12,61,-0.5,75,78,13,125,15,0.3,19,1.39,97,32,5,17,97,13,23,8,35,22,1,0.65,17,0.18,96,25,39,-0.1,89,0.03,87,80,80,94,672,674,101,1020,1024,96,2.19,86,2.19,86,32.53,3.68,96,10.15,85,0.28,109,4789398,BIEBER FLASHDRIVE L179,4150418,MISS LOOSLI SILVER 9155,04-02-2019,105
59,546,5174229,LOOSLI LEAD 546,02-01-2025,150,6,115,1,36,82,12,56,-1.1,64,63,65,103,56,0.25,47,0.84,65,26,47,7,66,16,4,9,14,23,1,0.34,77,-0.02,19,11,85,0.16,42,0.01,43,84,85,100,591,595,89,985,994,93,2.48,98,2.48,98,32.87,3.11,81,12.21,102,0.18,70,4838476,LOOSLI LEAD OFF 333,3472283,MISS LOOSLI MEADOWS 556,02-11-2015,100
60,5117,5174367,LOOSLI FLASHDRIVE 5117,03-06-2025,141,10,70,20,71,16,16,24,-1.7,52,77,16,123,17,0.29,22,1.44,97,33,4,15,94,15,6,8,35,18,16,0.83,5,0.09,74,30,22,0.46,5,0.06,99,88,88,103,635,719,108,1090,1177,110,2.86,113,2.86,113,32.94,4.24,110,14.11,118,0.31,120,4789398,BIEBER FLASHDRIVE L179,3819557,MISS LOOSLI BOURNE 726,02-02-2017,108
61,532,5174205,LOOSLI AGENT 532,01-29-2025,106,47,66,26,40,76,11,72,-2.3,41,66,49,109,41,0.27,34,0.98,77,29,17,14,92,14,14,9,19,17,24,0.5,37,0.12,86,11,85,-0.07,85,0.04,90,87,88,103,673,661,99,1050,1041,97,2.37,93,2.37,93,36.77,3.53,92,12.4,103,0.26,101,4428819,VGE AGENT 124,4281617,MISS LOOSLI FORTUNE 0113,03-12-2020,100
62,N5,5135011,LOOSLI JM ATOMIC N5,02-02-2025,70,91,50,55,20,96,17,14,-4,15,52,92,80,92,0.17,90,-0.19,1,28,30,3,43,10,78,11,2,14,69,0.24,91,0.1,76,0,98,-0.1,89,0.04,94,82,82,102,695,673,94,1005,995,96,2.01,101,2.01,101,37.4,3.17,100,13.7,106,0.25,112,3474996,BIEBER CL ATOMIC C218,4131774,MISS LOOSLI SAGA 989,03-03-2019,96
63,N4,5135023,LOOSLI JM PRIME N4,02-02-2025,156,4,90,4,66,22,16,18,-4.7,8,61,70,96,71,0.22,69,0.49,23,28,27,-2,23,13,22,8,37,20,6,0.66,16,0.05,49,19,63,0.3,22,0.04,93,68,75,93,680,729,102,1005,1069,103,2.11,106,2.11,106,34.4,2.7,85,14.52,112,0.3,135,4275705,LSF SRR PRIME PLUS 0111H,4799136,MEEK REDCAP ET 3L,02-10-2023,101
64,562,5174261,LOOSLI COLLUSION 562,02-05-2025,108,43,71,18,37,80,19,5,-3.6,19,71,32,109,43,0.23,58,0.83,64,24,65,3,47,10,72,9,12,18,16,0.49,39,0.09,72,14,78,-0.01,77,0.03,76,65,69,81,640,678,102,995,1037,97,2.23,88,2.23,88,35,3,78,11.59,97,0.26,101,4534673,C-BAR FORTUNE 263J,4598049,MISS LOOSLI TRIAD 207,01-24-2022,101
65,503,5174151,LOOSLI FLASHDRIVE 503,01-21-2025,138,12,56,43,83,6,16,18,-4.6,9,71,31,119,23,0.3,17,1.43,97,27,35,17,96,13,30,9,16,17,29,1.01,1,0,23,22,55,0.43,6,0.03,86,72,76,89,582,592,89,990,1004,94,2.57,101,2.57,101,34.51,6.22,162,13.05,109,0.22,88,4789398,BIEBER FLASHDRIVE L179,4598113,MISS LOOSLI STOCKMARKET 2104,02-24-2022,93
66,5139,5174411,LOOSLI COMPLETE 5139,03-17-2025,109,43,45,65,64,25,8,86,-2.4,39,66,50,112,36,0.29,22,0.71,52,25,54,9,77,11,51,4,93,16,30,0.47,42,0.08,66,26,36,-0.02,79,0,28,93,93,109,587,698,105,1015,1129,105,2.69,106,2.69,106,34.3,2.8,73,11.89,99,0.27,106,4543551,TKP COMPLETE 1595,3819791,MISS LOOSLI FRONT LINES 7152,04-10-2017,98
67,505,5174155,LOOSLI FLASHDRIVE 505,01-22-2025,102,53,20,94,82,6,7,93,1,92,80,10,133,8,0.33,7,1.52,98,32,5,24,99,13,29,5,83,13,73,0.71,12,0.01,27,40,6,0.59,2,0.03,80,96,96,112,684,647,97,1050,1015,95,2.3,91,2.3,91,33.55,4.53,118,11.68,97,0.29,116,4789398,BIEBER FLASHDRIVE L179,3997368,MISS LL PROFIT DRIVEN 895,03-08-2018,103
68,542,5174221,LOOSLI FOREMAN 542,01-31-2025,135,14,74,15,62,28,9,83,1.2,93,87,3,141,4,0.34,6,1.21,92,20,93,6,65,15,6,6,71,17,28,0.52,33,-0.07,5,27,31,0.38,10,-0.01,8,86,94,110,617,679,102,985,1051,98,2.31,91,2.31,91,35.84,5.54,144,11.76,98,0.23,89,3744501,5L FOREMAN 2174-370E,4838900,MISS LOOSLI COLLUSION 386,02-23-2023,101
69,564,5174265,LOOSLI FLASHDRIVE 564,02-06-2025,155,4,81,9,74,12,15,25,-1.9,49,74,24,121,20,0.3,18,1.37,96,28,23,17,96,11,71,9,11,21,2,0.89,3,0.25,99,32,18,0.09,58,0.07,99,88,88,103,706,706,106,1130,1133,106,2.67,105,2.67,105,36.03,6.92,180,10.11,84,0.3,117,4789398,BIEBER FLASHDRIVE L179,3907197,MISS LOOSLI FRONT LINES 837,01-30-2018,102
70,556,5174249,LOOSLI REALITY 556,02-03-2025,145,8,70,20,75,11,20,4,-4.1,14,81,9,135,7,0.34,6,0.91,72,27,32,8,74,12,34,9,16,17,19,0.88,3,0.2,98,21,57,-0.14,92,0.04,95,65,72,84,622,688,103,1080,1151,108,2.88,113,2.88,113,34.94,4.09,106,12.18,102,0.3,117,4793644,5L GENUINE 281-52L,4838868,MISS LOOSLI FOREMAN 370,02-17-2023,101
71,595,5174323,LOOSLI LOADED 595,02-18-2025,97,61,38,77,58,34,7,91,0.8,91,94,1,153,1,0.37,2,1.42,97,25,55,14,93,14,19,6,76,13,76,0.46,45,-0.09,4,29,26,0.49,4,-0.01,10,95,99,116,710,787,118,1080,1161,108,2.33,92,2.33,92,33.42,3.07,80,13.12,109,0.21,83,4838552,LOOSLI LOADED 372,4598261,MISS LOOSLI STOCKMARKET 231,01-30-2022,99
72,5101,5174335,LOOSLI LOADED 5101,02-23-2025,118,30,66,26,52,46,15,26,-2.7,34,73,27,114,33,0.26,43,1.29,94,27,33,13,91,13,23,9,14,17,26,0.63,19,0.16,93,27,31,0.02,71,0.03,88,78,79,93,555,614,92,930,992,93,2.36,93,2.36,93,33.08,4.13,107,11.2,93,0.25,100,4838552,LOOSLI LOADED 372,4504805,MISS LOOSLI STILLWATER 1331,01-25-2021,104
73,588,5174311,LOOSLI COMPLETE 588 T,02-13-2025,112,39,43,69,69,18,10,73,-0.7,73,72,30,120,22,0.3,16,0.79,60,32,4,7,69,14,15,5,79,13,73,0.64,18,0.13,87,24,47,-0.16,94,0.01,37,64,64,,597,615,,1055,1076,,2.88,,2.88,,36.26,3.45,,12.31,,0.37,,4543551,TKP COMPLETE 1595,4131602,MISS LOOSLI BOURNE-702 905,01-14-2019,104
74,581,5174299,LOOSLI COLLUSION 581,02-11-2025,127,21,79,10,48,59,17,13,-1.7,52,70,36,111,38,0.26,43,0.79,61,28,28,6,65,10,77,9,15,20,6,0.43,51,0.07,61,22,52,-0.1,89,-0.01,9,80,80,94,665,681,102,1000,1019,95,2.11,83,2.11,83,34.69,2.52,66,11.35,95,0.19,75,4534673,C-BAR FORTUNE 263J,3820039,MISS LOOSLI FRONTIER 758,02-21-2017,105
75,5135,5174403,LOOSLI SUPREMACY 5135,03-14-2025,87,75,45,64,42,72,12,56,-1.7,52,78,13,117,27,0.24,52,0.86,67,23,75,9,78,13,22,5,86,15,53,0.5,37,0.18,96,26,35,-0.14,92,0.03,76,97,98,115,624,738,111,1060,1177,110,2.74,108,2.74,108,37.2,4.54,118,11.78,98,0.24,94,4527725,5L SUPREMACY 459-76J,4281783,MISS LOOSLI TRIAD 0146,03-29-2020,99
76,598,5174329,LOOSLI COMPLETE 598,02-19-2025,141,10,78,11,62,28,15,32,-1.6,54,73,25,122,20,0.3,16,0.78,60,32,5,4,54,15,6,6,65,18,14,0.72,11,0.21,98,17,70,-0.12,91,0.06,99,87,87,102,618,653,98,1035,1073,100,2.62,103,2.62,103,35.95,3.51,91,13.33,111,0.3,119,4543551,TKP COMPLETE 1595,4131640,MISS LOOSLI ULTIMATUM 925,01-20-2019,99
77,597,5174327,LOOSLI COMPLETE 597,02-19-2025,128,20,52,51,76,10,8,87,0.1,84,85,5,145,3,0.38,2,1.01,80,30,14,10,83,14,16,5,84,15,50,0.49,39,0.09,73,38,8,0.09,58,0,26,83,87,102,597,670,101,1035,1113,104,2.75,108,2.75,108,34.95,2.89,75,11.28,94,0.21,83,4543551,TKP COMPLETE 1595,4598145,MISS LOOSLI STOCKMARKET 272,02-12-2022,101
78,5136,5174405,LOOSLI COLLUSION 5136,03-14-2025,130,18,64,28,66,22,12,58,-1.5,56,71,33,111,38,0.25,45,0.98,77,23,77,5,56,11,61,6,67,17,19,0.67,15,0.02,31,26,35,0.14,47,0,14,92,93,109,573,677,102,965,1072,100,2.47,97,2.47,97,36.2,3.52,91,11.34,95,0.22,86,4534673,C-BAR FORTUNE 263J,4281625,MISS LOOSLI TRIAD 0117,03-14-2020,97
79,5146,5174425,LOOSLI FLASHDRIVE 5146,03-20-2025,148,7,73,16,75,11,15,28,-3.2,26,66,50,109,42,0.27,34,1.25,93,32,5,13,91,15,6,9,20,18,15,0.77,8,0.08,65,30,23,0.3,22,0.03,88,80,80,94,564,681,102,1000,1120,105,2.74,108,2.74,108,32.89,4.36,113,12.65,105,0.31,122,4789398,BIEBER FLASHDRIVE L179,3906873,MISS LOOSLI BOURNE 839,01-31-2018,105
80,594,5174321,LOOSLI COLLUSION 594,02-18-2025,107,46,58,40,49,56,9,80,0.3,86,75,22,119,24,0.28,29,0.8,61,25,56,4,49,12,45,7,47,15,53,0.4,56,0.1,77,27,31,-0.21,96,-0.02,4,87,87,102,625,664,100,955,997,93,2.08,82,2.08,82,38.42,3.71,96,9.82,82,0.21,83,4534673,C-BAR FORTUNE 263J,4281325,MISS LOOSLI BOURNE 044,02-03-2020,101
81,5131,5174395,LOOSLI AGENT 5131,03-11-2025,135,14,61,34,74,12,11,69,-1.1,64,75,21,126,14,0.32,10,0.69,50,25,57,9,78,11,52,7,44,16,30,0.6,23,0.23,99,33,16,-0.06,84,0.04,95,92,92,108,605,705,106,1050,1153,108,2.8,110,2.8,110,36.1,3.43,89,11.72,98,0.15,58,4598507,LOOSLI STOCKMARKET 250,4281497,MISS LOOSLI STILLWATER 078,02-19-2020,114
82,N8,5135009,LOOSLI JM ATOMIC N8,02-09-2025,100,55,41,72,59,33,7,92,1.3,94,78,14,128,12,0.31,13,1.06,84,28,31,5,59,8,96,6,69,14,59,0.53,32,0.13,86,28,27,0.04,67,0.02,72,100,100,124,750,744,104,1075,1082,104,2.11,106,2.11,106,36.13,2.95,93,11.79,91,0.18,81,3474996,BIEBER CL ATOMIC C218,3907217,MISS LOOSLI TREMENDOUS 813,01-22-2018,101
83,5119,5174371,LOOSLI ADVANTAGE 5119,03-07-2025,135,14,99,2,36,82,15,26,-4.6,9,77,15,107,47,0.18,86,0.92,73,29,17,6,64,13,20,9,19,21,2,0.4,56,0.14,90,37,10,0.03,69,0.01,52,78,80,94,580,678,102,925,1026,96,2.17,85,2.17,85,36.97,3.12,81,11.23,94,0.19,74,4766803,VGW ADVANTAGE 343,4516869,MISS LOOSLI PORTER 1109,02-21-2021,99
84,548,5174233,LOOSLI COLLUSION 548,02-01-2025,132,16,87,5,46,64,21,2,-4.7,8,56,84,91,80,0.22,70,0.75,56,26,50,4,48,10,75,11,1,20,3,0.67,15,0.07,61,3,96,-0.2,96,0.01,47,79,79,93,630,619,93,975,966,90,2.17,85,2.17,85,35.87,2.46,64,13.62,114,0.18,70,4534673,C-BAR FORTUNE 263J,4131690,MISS LOOSLI TRIAD 949,02-02-2019,99
85,520,5174181,LOOSLI FLASHDRIVE 520,01-26-2025,130,18,56,42,74,13,13,50,-2.3,41,76,19,122,20,0.29,22,1.48,98,32,6,21,99,13,23,7,58,18,14,0.76,8,0.15,92,39,7,0.35,12,0.05,99,75,83,97,612,662,99,960,1014,95,2.19,86,2.19,86,33.68,4.21,109,12.77,106,0.23,89,4789398,BIEBER FLASHDRIVE L179,4838662,MISS LOOSLI ULTIMATUM 3111,03-09-2023,100
86,593,5174319,LOOSLI COLLUSION 593,02-16-2025,119,28,74,15,45,65,15,25,-2,47,67,48,105,50,0.24,53,0.65,45,24,72,3,43,11,52,7,47,19,10,0.45,47,0.16,94,21,58,-0.15,93,0.02,74,85,85,100,582,607,91,965,993,93,2.41,95,2.41,95,35.36,3.52,92,11.72,98,0.32,126,4534673,C-BAR FORTUNE 263J,4131778,MISS LOOSLI SILVER 991,03-03-2019,100
87,5167,5174467,LOOSLI MISSION 5167,03-27-2025,131,17,75,14,56,38,11,65,-1,66,75,20,117,26,0.26,37,0.98,77,28,26,4,52,14,14,7,55,17,23,0.6,23,0.07,63,24,47,0.18,39,0.03,79,92,92,108,606,760,114,990,1147,107,2.42,95,2.42,95,36.12,3.93,102,13.91,116,0.31,123,4298175,5L ON A MISSION 1307-33H,3819847,MISS LOOSLI RED LABEL 7103,03-17-2017,103
88,5158,5174449,LOOSLI DELEGATE 5158,03-24-2025,102,52,74,16,29,91,20,3,-3.6,19,71,33,110,41,0.24,51,0.81,62,31,7,7,66,12,44,9,18,19,9,0.43,51,0.11,81,9,89,-0.13,92,0.03,79,82,82,96,619,767,115,985,1135,106,2.3,91,2.3,91,37.52,3.27,85,12.55,105,0.27,107,4504701,LOOSLI DELEGATE 102,4150414,MS LOOSLI TREMEND-7112 9153,04-01-2019,109
89,5137,5174407,LOOSLI COLLUSION 5137,03-15-2025,118,30,75,14,42,71,19,6,-2.9,30,68,43,108,44,0.25,46,1.1,86,27,41,5,56,10,87,8,25,20,4,0.56,27,0.15,93,17,71,-0.18,95,0.03,76,83,83,97,586,691,104,965,1072,100,2.38,94,2.38,94,34.23,3.41,89,11.44,95,0.24,94,4534673,C-BAR FORTUNE 263J,4131608,MISS LOOSLI FRONTIER 910,01-16-2019,105
90,5105,5174343,LOOSLI COMPLETE 5105,02-24-2025,127,21,45,65,82,6,9,83,-1.2,62,83,6,140,4,0.36,3,0.76,57,31,7,8,76,14,15,5,87,14,69,0.67,15,0.16,93,33,16,0.21,33,0.05,97,96,96,112,659,710,107,1085,1139,106,2.68,106,2.68,106,35.62,4.78,124,12.27,102,0.26,104,4543551,TKP COMPLETE 1595,3906899,MISS LOOSLI BOURNE 827,01-27-2018,104
91,5114,5174361,LOOSLI LEAD 5114,03-04-2025,134,15,84,7,50,53,9,83,0.7,90,89,2,152,1,0.39,1,1.18,90,27,39,12,88,14,18,6,73,20,4,0.19,95,0.08,68,39,7,0.24,29,0.01,50,93,101,118,592,740,111,1090,1243,116,3.13,123,3.13,123,34.87,4.03,105,12.27,102,0.2,77,4838476,LOOSLI LEAD OFF 333,4838706,MISS LOOSLI PROFITEER 3131,03-22-2023,104
92,582,5174301,LOOSLI SHADE 582,02-11-2025,45,99,-4,99,50,54,6,96,1.5,95,90,2,148,2,0.37,2,1.2,91,24,64,8,74,10,77,3,96,8,99,0.39,63,0.09,74,28,29,0.15,45,0.03,76,96,100,117,622,675,101,985,1042,97,2.28,90,2.28,90,32.19,4.65,121,12.2,102,0.23,90,4838240,LOOSLI PROFITEER 302,4598119,MISS LOOSLI SPARTACUS 259,02-06-2022,99
93,5120,5174373,LOOSLI COMPLETE 5120,03-07-2025,105,48,53,49,52,47,20,3,-6.8,1,64,61,107,47,0.27,34,0.81,62,27,36,6,65,13,33,10,6,15,55,0.61,21,0.16,94,12,82,-0.12,91,0.04,94,70,70,82,545,619,93,955,1032,96,2.58,102,2.58,102,35.97,3.23,84,11.89,99,0.27,105,4543551,TKP COMPLETE 1595,4131688,MISS LOOSLI TRIAD 948,01-31-2019,95
94,584,5174305,LOOSLI ADVANTAGE 584,02-11-2025,70,91,31,86,39,77,12,61,-2.2,43,74,23,112,36,0.24,56,0.95,76,30,14,4,51,14,12,7,44,9,95,0.35,75,0.19,97,35,13,-0.11,90,0.02,64,86,87,102,620,648,97,990,1023,96,2.33,92,2.33,92,35.19,3.59,93,9.88,82,0.28,110,4766803,VGW ADVANTAGE 343,3472264,MISS LOOSLI DESTINY 516,01-28-2015,96
95,5106,5174345,LOOSLI COMPLETE 5106,02-24-2025,141,10,80,10,61,29,15,24,-1.1,64,75,20,126,14,0.32,10,1.12,87,32,7,13,91,13,20,8,27,20,5,0.5,37,0.16,94,32,19,0.07,61,0.04,90,80,80,94,611,659,99,1045,1096,102,2.73,108,2.73,108,35.62,4.38,114,11.66,97,0.32,127,4543551,TKP COMPLETE 1595,3907367,MISS LOOSLI FRONTIER 8122,03-18-2018,104
96,5129,5174391,LOOSLI MISSION 5129,03-11-2025,119,29,66,25,53,45,9,82,-0.8,70,68,41,105,51,0.23,61,1.11,87,31,8,5,59,14,13,6,62,16,32,0.59,23,-0.01,22,22,53,0.44,6,0.03,83,90,90,105,590,681,102,935,1029,96,2.17,85,2.17,85,32.1,3.07,80,12.94,108,0.24,94,4298175,5L ON A MISSION 1307-33H,3820165,MISS LOOSLI REAL DEAL 7173,05-02-2017,106
97,5144,5174421,LOOSLI LEAD 5144,03-18-2025,138,12,70,19,67,20,14,35,-2.1,44,83,6,137,5,0.34,6,1.02,81,29,19,7,67,15,6,8,22,15,46,0.47,42,0.21,98,43,4,0.07,61,0.04,91,70,77,90,591,783,118,965,1161,108,2.35,92,2.35,92,35.33,3.48,90,12.03,100,0.24,94,4838476,LOOSLI LEAD OFF 333,4838764,MISS LOOSLI MISSION 318,01-26-2023,107
98,5133,5174399,LOOSLI DELEGATE 5133,03-13-2025,56,97,27,90,29,91,12,61,-2,47,77,16,120,22,0.27,33,0.51,25,30,14,2,38,8,96,6,73,11,86,0.26,89,0,25,12,84,0,75,0,11,88,88,103,657,769,116,1065,1180,110,2.57,101,2.57,101,37.17,2.72,71,11.95,100,0.19,74,4504701,LOOSLI DELEGATE 102,4131832,MS LOOSLI MERLIN 9118,03-11-2019,111
99,5155,5174443,LOOSLI COLLUSION 5155,03-24-2025,124,23,56,42,68,19,10,77,-0.3,79,79,11,132,9,0.33,8,0.96,76,26,47,4,51,11,53,6,66,15,49,0.52,33,-0.02,18,27,30,0.19,37,-0.01,4,92,93,109,593,748,112,975,1133,106,2.4,94,2.4,94,36.52,3.83,99,11.83,99,0.19,75,4534673,C-BAR FORTUNE 263J,4516983,MISS LOOSLI TRIAD 101,01-15-2021,104
100,5179,5174491,LOOSLI COMPLETE 5179,04-07-2025,109,43,41,72,68,19,12,60,-1.1,64,75,20,123,18,0.3,18,0.86,67,29,16,11,86,12,40,7,55,14,70,0.5,37,0.14,89,37,9,0.19,37,0.03,86,95,96,112,565,769,116,955,1163,109,2.45,96,2.45,96,37.98,2.93,76,12.39,103,0.3,116,4543551,TKP COMPLETE 1595,4516821,MISS LOOSLI FRONT ROW 1112,02-24-2021,102
101,5145,5174423,LOOSLI ADVANTAGE 5145,03-19-2025,104,49,64,29,41,75,15,28,-4.3,12,76,19,111,37,0.22,65,1.07,85,33,4,7,71,13,29,7,49,17,28,0.59,23,0.13,88,22,54,-0.16,94,0.01,47,88,89,104,588,724,109,920,1059,99,2.09,82,2.09,82,34.36,4.49,117,11.94,100,0.24,94,4766803,VGW ADVANTAGE 343,4517033,MISS LOOSLI TRIAD 107,01-18-2021,102
102,5142,5174417,LOOSLI DELEGATE 5142,03-18-2025,87,75,57,41,30,89,16,24,-2.1,44,72,29,111,38,0.24,50,0.66,47,24,62,4,52,8,96,7,44,17,26,0.36,74,-0.05,8,7,92,0.16,42,0,33,88,88,103,609,728,109,1005,1127,105,2.49,98,2.49,98,35.33,3,78,13.71,114,0.2,79,4504701,LOOSLI DELEGATE 102,3907371,MISS LOOSLI FRONT LINES 865,02-17-2018,102
103,5116,5174365,LOOSLI COMPLETE 5116,03-06-2025,131,17,77,12,54,44,11,67,-1.9,49,77,17,125,16,0.3,17,0.71,52,29,20,10,81,15,8,6,74,19,9,0.31,82,0.09,73,34,14,0.08,59,0.01,37,80,83,97,574,686,103,900,1016,95,2.05,81,2.05,81,31.94,2.7,70,10.46,87,0.22,85,4543551,TKP COMPLETE 1595,4597977,MISS LOOSLI ULTIMATUM 225,01-28-2022,102
104,579,5174295,LOOSLI ADVANTAGE 579,02-10-2025,92,67,18,95,75,12,11,70,-3.3,24,75,21,112,36,0.23,59,1.27,94,27,33,5,60,14,14,7,44,7,99,0.88,3,0.05,49,34,13,0.16,42,0,19,85,85,100,612,629,95,910,929,87,1.87,73,1.87,73,35.16,4.5,117,11.26,94,0.18,71,4766803,VGW ADVANTAGE 343,4281289,MISS LOOSLI TRIAD 026,01-25-2020,93
105,574,5174285,LOOSLI LEAD 574,02-09-2025,127,20,97,2,30,89,16,20,-2.2,43,74,24,125,16,0.32,10,0.68,49,23,76,6,62,14,18,8,22,21,2,0.22,93,0.15,92,15,75,-0.14,92,0.03,85,82,82,96,583,592,89,1035,1047,98,2.84,112,2.84,112,35.13,3.72,97,11.99,100,0.32,125,4838476,LOOSLI LEAD OFF 333,3819601,MISS LOOSLI BROOK 796,03-14-2017,95
106,5188,5174509,LOOSLI HARD DRIVE 5188,04-26-2025,149,6,80,9,68,19,13,46,-3.1,26,74,22,120,22,0.28,25,0.92,72,32,6,8,75,13,21,7,56,19,6,0.54,30,0.01,28,32,18,0.46,5,0.02,74,95,98,115,491,761,114,910,1184,111,2.64,104,2.64,104,35.59,2.83,73,14.57,121,0.23,91,4704229,PIE HARD DRIVE 2052,4598563,MISS LOOSLI TRIAD 203,01-17-2022,101
107,547,5174231,LOOSLI FLASHDRIVE 547,02-01-2025,140,11,73,17,67,20,17,16,-3.5,21,71,33,116,29,0.28,27,1.22,92,28,23,18,98,10,78,9,11,21,3,0.84,4,-0.07,5,12,84,0.27,25,0,28,82,84,98,574,583,88,980,993,93,2.55,100,2.55,100,31.87,4.02,104,12.69,106,0.21,81,4789398,BIEBER FLASHDRIVE L179,4516955,MISS LOOSLI SPARTACUS 123,01-22-2021,98
108,5121,5174375,LOOSLI MISSION 5121,03-08-2025,115,35,65,27,50,53,11,66,-2.1,44,68,44,109,42,0.26,41,0.94,74,27,32,2,39,14,11,8,39,15,53,0.42,52,0.04,42,25,39,0.34,13,0.03,86,83,83,97,552,628,94,985,1064,99,2.72,107,2.72,107,33,2.96,77,12.77,106,0.26,101,4298175,5L ON A MISSION 1307-33H,4131740,MISS LOOSLI SILVER 972,02-21-2019,98
109,590,5174315,LOOSLI COLLUSION 590 T,02-16-2025,65,94,36,80,30,90,12,58,-1.5,56,64,61,102,58,0.24,56,0.86,67,22,87,4,49,13,22,7,55,11,86,0.39,63,0.02,32,7,92,-0.14,92,-0.01,8,75,75,,614,640,,990,1018,,2.36,,2.36,,34.86,2.62,,11.47,,0.19,,4534673,C-BAR FORTUNE 263J,3845661,MISS LOOSLI BOURNE 754,02-17-2017,93
110,572,5174281,LOOSLI LEAD 572,02-09-2025,107,45,81,8,26,93,14,38,-3.7,18,63,63,101,59,0.24,57,0.98,77,23,74,5,59,15,6,7,49,19,9,0.32,80,0.05,49,12,84,-0.02,79,0.01,47,75,83,97,500,583,88,865,952,89,2.3,91,2.3,91,34.63,2.7,70,10.34,86,0.19,74,4838476,LOOSLI LEAD OFF 333,4838922,MISS LOOSLI MISSION 397,02-28-2023,95
111,5109,5174351,LOOSLI PERSEVERANCE 5109,02-26-2025,79,84,46,62,33,86,21,2,-5.7,3,61,71,93,76,0.2,79,0.66,46,30,12,4,48,11,52,11,2,13,74,0.51,35,0.17,95,10,88,-0.44,99,0.01,41,63,64,75,558,623,94,940,1010,94,2.4,94,2.4,94,33.68,3.84,100,10.11,84,0.21,84,4281185,LOOSLI PERSEVERANCE 019,1716953,MISS LOOSLI MOUNTAIN 403,01-19-2014,94
112,596,5174325,LOOSLI COLLUSION 596,02-18-2025,95,63,51,53,44,68,14,35,-2.4,39,66,49,107,46,0.26,43,0.95,75,21,92,2,41,11,57,7,51,15,55,0.59,23,0.01,30,6,93,-0.15,93,-0.01,7,81,81,95,585,621,93,895,933,87,1.95,77,1.95,77,33.92,3.62,94,10.9,91,0.18,72,4534673,C-BAR FORTUNE 263J,4281283,MISS LOOSLI PROFIT 023,01-24-2020,92
113,5141,5174415,LOOSLI LEAD 5141,03-18-2025,141,10,84,7,57,38,8,87,1.4,94,95,1,153,1,0.36,3,1.08,85,25,53,11,87,15,9,7,41,18,11,0.33,79,0.14,91,45,3,0.18,39,0.02,68,92,99,116,550,733,110,930,1117,104,2.39,94,2.39,94,34.83,4.23,110,11.2,93,0.17,67,4838476,LOOSLI LEAD OFF 333,4838674,MISS LOOSLI X-PORTER 3118,03-14-2023,104
114,5153,5174439,LOOSLI MISSION 5153,03-22-2025,95,64,47,61,48,58,8,87,0,83,66,52,95,74,0.18,88,1.08,85,29,18,7,66,13,27,7,60,14,63,0.67,15,0.08,69,23,51,0.18,39,0.03,87,87,89,104,514,644,97,875,1008,94,2.27,89,2.27,89,33.46,4.3,112,12.6,105,0.27,107,4298175,5L ON A MISSION 1307-33H,4516925,MISS LOOSLI STILLWATER 1160,03-24-2021,98
115,5166,5174465,LOOSLI FLASHDRIVE 5166,03-27-2025,102,52,51,53,52,48,17,12,-1.8,50,81,9,128,13,0.29,21,1.38,96,32,4,21,99,13,20,9,19,16,36,0.75,9,0.19,97,21,57,-0.06,84,0.05,96,83,84,98,567,730,110,905,1071,100,2.13,84,2.13,84,29.62,3.36,87,12.45,104,0.24,95,4789398,BIEBER FLASHDRIVE L179,4516847,MISS LOOSLI PORTER 1132,03-04-2021,111
116,N13,5135015,LOOSLI JM IGNITE N13,03-05-2025,56,97,24,92,32,87,23,1,-7,1,55,87,87,85,0.2,81,0.27,9,27,37,13,90,11,69,10,8,13,72,0.36,74,-0.14,2,-3,99,0.43,6,0.02,64,71,71,88,640,706,98,835,909,88,1.27,63,1.27,63,33.91,2.79,88,13.04,101,0.13,57,4633943,MEEK IGNITE K3,4140816,MEEK REDCAP 902G,03-12-2019,98
117,5182,5174497,LOOSLI HARD DRIVE 5182,04-15-2025,107,45,54,46,52,46,12,55,-1.7,52,82,8,134,7,0.33,8,1.03,82,32,7,10,82,14,16,7,47,14,57,0.22,93,-0.03,17,39,7,0.54,3,0.01,41,85,88,103,562,826,124,950,1218,114,2.44,96,2.44,96,34.74,3.52,91,13.44,112,0.25,98,4704229,PIE HARD DRIVE 2052,4598611,MISS LOOSLI TRIAD 283,02-16-2022,114
118,5138,5174409,LOOSLI SUPREMACY 5138,03-16-2025,104,50,69,21,35,84,13,44,-2.4,39,67,45,100,61,0.2,77,0.86,67,25,52,8,71,13,19,6,73,18,12,0.6,23,0.09,72,8,91,-0.14,92,0.02,64,92,92,108,514,604,91,935,1028,96,2.65,104,2.65,104,35.76,4.83,126,11.8,98,0.27,106,4527725,5L SUPREMACY 459-76J,4131790,MISS LOOSLI TREMENDOUS 997,03-05-2019,103
119,5157,5174447,LOOSLI COLLUSION 5157,03-24-2025,87,75,75,14,12,99,13,47,-2.4,39,56,86,82,91,0.16,93,0.89,70,25,54,5,58,10,77,8,24,19,7,0.29,85,0.03,40,7,92,-0.17,94,-0.01,10,87,88,103,513,636,96,850,977,91,2.12,83,2.12,83,33.02,3.01,78,10.75,90,0.2,79,4534673,C-BAR FORTUNE 263J,3571502,MISS LOOSLI FRONTIER 617,01-28-2016,102
120,550,5174237,LOOSLI COLLUSION 550 T,02-02-2025,122,26,81,9,41,74,17,17,-4.1,14,59,78,98,66,0.25,49,0.86,67,24,70,1,37,11,67,9,18,19,6,0.3,84,0.07,61,21,57,0.07,61,0.02,59,66,66,,574,565,,920,913,,2.18,,2.18,,33.9,2.72,,10.66,,0.21,,4534673,C-BAR FORTUNE 263J,4131600,MISS LOOSLI TRIAD 904,01-14-2019,95
121,580,5174297,LOOSLI FLASHDRIVE 580,02-10-2025,112,38,53,48,59,33,13,43,-2.1,44,72,28,114,33,0.26,40,1.14,89,27,32,15,95,11,66,9,11,16,37,0.81,6,0.02,32,13,81,0.1,55,0.01,49,82,89,104,556,639,96,930,1017,95,2.35,92,2.35,92,32.16,3.17,82,10.95,91,0.21,82,4789398,BIEBER FLASHDRIVE L179,4838892,MISS LOOSLI COLLUSION 382,02-22-2023,98
122,510,5174163,LOOSLI COLLUSION 510,01-24-2025,74,88,16,96,57,36,8,87,2.3,98,76,19,122,19,0.29,21,0.71,52,20,95,1,35,11,58,5,88,9,96,0.37,72,0.03,37,31,21,-0.02,79,-0.03,2,92,93,109,562,552,83,865,860,80,1.91,75,1.91,75,33.11,2.84,74,10.15,85,0.21,81,4534673,C-BAR FORTUNE 263J,1716893,MISS LOOSLI ON EDGE 4150,04-01-2014,95
123,534,5174209,LOOSLI COLLUSION 534,01-29-2025,90,71,43,68,47,60,11,68,-0.3,79,69,41,107,47,0.24,55,0.94,74,24,63,3,47,12,49,7,56,13,75,0.4,56,0.01,28,26,33,0.16,42,0,11,87,91,107,608,634,95,845,874,82,1.49,58,1.49,58,29.77,2.7,70,9.81,82,0.23,89,4534673,C-BAR FORTUNE 263J,4598305,MISS LOOSLI MISSION 2115,03-03-2022,98
124,5177,5174487,LOOSLI AGENT 5177,04-04-2025,114,36,86,6,28,91,15,32,-2.7,34,66,52,98,68,0.2,79,0.93,74,28,24,11,86,16,3,11,3,18,12,0.31,82,0.17,95,27,32,0.1,55,0.05,98,72,73,85,524,707,106,820,1006,94,1.86,73,1.86,73,31.88,2.63,68,12.39,103,0.23,88,4428819,VGE AGENT 124,4504815,MISS LOOSLI ULTIMATUM 139,01-28-2021,100
125,5152,5174437,LOOSLI SPARTACUS 5152,03-22-2025,68,92,30,87,38,79,10,74,-0.4,77,81,8,127,13,0.28,25,1.06,84,25,55,6,63,10,83,6,67,12,83,0.34,77,0.12,84,29,25,-0.03,80,0.01,45,77,84,98,514,699,105,815,1004,94,1.89,74,1.89,74,32.46,2.93,76,11.5,96,0.2,79,1617230,BIEBER SPARTACUS A193,4838618,MISS LOOSLI COLLUSION 300,01-17-2023,102