Lot #,REG #,Name,ProS,HB,GM,CED,BW,WW,YW,ADG,DMI,M,ME,HPG,CEM,STAY,Marb,YG,CW,REA,FAT
1,5174189,LOOSLI FLASHDRIVE 524,152,65,87,13,-0.6,81,133,0.33,1.27,32,16,11,6,19,0.91,0.12,34,0.23,0.04
2,5174183,LOOSLI LEAD 521,129,70,59,13,-3.7,80,126,0.28,0.94,29,9,14,8,16,0.51,0.14,35,0.18,0.04
3,5174203,LOOSLI COMPLETE 531,92,41,51,13,-1.4,84,138,0.34,1.08,30,16,15,7,13,0.39,0.04,26,0.2,0.01
4,5174199,LOOSLI FLASHDRIVE 529,159,89,70,13,-2,81,144,0.39,1.35,34,20,12,9,22,0.53,0.08,29,0.14,0.02
5,5174309,LOOSLI COMPLETE 587,126,73,53,13,-2.6,80,125,0.28,0.91,32,8,12,8,18,0.52,0.19,30,-0.1,0.03
6,5174273,LOOSLI LEAD 568,83,50,33,8,0.9,88,141,0.34,0.99,27,9,14,7,13,0.13,0.11,35,-0.01,0
7,5174215,LOOSLI FLASHDRIVE 539,137,56,80,16,-2.4,80,128,0.29,1.15,31,16,13,7,17,0.86,0.02,30,0.5,0.04
8,5174187,LOOSLI COMPLETE 523,85,29,57,6,0.9,86,149,0.39,1.25,26,19,13,5,14,0.45,0.15,27,0.01,0.03
9,5174567,LOOSLI COLLUSION 5221,119,66,53,9,0.4,80,127,0.29,0.94,24,4,13,5,17,0.55,0.11,23,-0.05,0.01
10,5174207,LOOSLI LEAD 533,119,67,53,8,-1.6,78,126,0.3,1.02,29,12,14,7,17,0.5,0.21,30,-0.06,0.04
11,5135007,LOOSLI JM IGNITE N2,99,64,35,22,-3.6,74,120,0.29,0.52,27,11,9,9,19,0.36,0.13,10,-0.07,0.04
12,5174169,LOOSLI COMPLETE 513,89,60,29,14,-2.4,70,113,0.27,1,31,13,14,6,17,0.29,0.06,17,0.13,0.03
13,5174161,LOOSLI FLASHDRIVE 509,140,65,75,16,-4.2,80,125,0.28,1.29,33,16,12,10,17,0.66,0.16,50,0.45,0.05
14,5174241,LOOSLI COMPLETE 552,109,37,72,7,0.8,89,148,0.37,1.15,31,15,15,3,14,0.59,0.26,41,-0.18,0.03
15,5174193,LOOSLI ADVANTAGE 526,101,75,26,15,-2.7,70,102,0.2,0.92,33,2,13,9,16,0.29,0.06,24,-0.04,0
16,5174243,LOOSLI COMPLETE 553,117,85,32,15,-2.2,64,103,0.24,0.94,32,8,13,8,20,0.47,0.17,10,-0.3,0.03
17,5174195,LOOSLI ADVANTAGE 527,144,109,35,19,-4.8,63,94,0.19,1.04,33,4,13,11,22,0.58,0.19,17,-0.18,0.04
18,5174235,LOOSLI COMPLETE 549,82,33,49,13,-1,81,139,0.36,1.06,33,15,12,6,13,0.45,0.25,24,-0.21,0.05
19,5174245,LOOSLI COMPLETE 554,111,59,52,11,-2.1,78,125,0.29,1.12,30,13,16,7,15,0.52,0.17,29,-0.03,0.03
20,5174251,LOOSLI FLASHDRIVE 557,131,78,53,12,-2.8,75,123,0.3,1.39,29,17,12,7,21,0.51,0.08,28,0.25,0.03
21,5174271,LOOSLI COMPLETE 567,112,36,75,7,1,85,148,0.39,1.18,28,13,14,4,14,0.58,0.15,35,-0.01,0.02
22,5174277,LOOSLI LEAD 570,142,96,46,11,-0.9,77,122,0.28,1,28,9,15,6,22,0.32,0.06,33,0.21,0.01
23,5174307,LOOSLI COMPLETE 586,144,34,110,2,4.9,101,171,0.44,1.01,30,11,14,3,13,0.71,0.04,55,0.57,0.01
24,5135019,LOOSLI JM IGNITE N11,117,55,62,18,-4.9,74,112,0.23,0.61,27,7,11,10,15,0.56,0.04,29,0.23,0.01
25,5174279,LOOSLI REALITY 571,139,67,72,16,-2.4,92,148,0.35,1.09,27,10,12,10,15,0.72,0.09,30,0.12,0.01
26,5174349,LOOSLI ADVANTAGE 5108,67,51,15,11,-0.3,87,127,0.25,1.1,29,8,11,6,15,0.29,0.06,18,0.05,0.01
27,5174159,LOOSLI HARD DRIVE 507,136,60,76,14,-2,81,127,0.29,1.13,26,13,13,7,17,0.69,-0.09,33,0.64,0.01
28,5174263,LOOSLI FLASHDRIVE 563,115,51,64,12,-2.5,66,109,0.27,1.27,35,18,12,8,17,0.65,0.09,28,0.26,0.04
29,5174393,LOOSLI FLASHDRIVE 5130,131,51,81,13,-0.8,89,142,0.33,1.32,28,14,11,8,15,0.73,0.06,41,0.34,0.01
30,5174197,LOOSLI COMPLETE 528,73,21,52,14,-2.4,75,128,0.33,1.15,31,16,11,7,12,0.52,0.12,18,-0.06,0.03
31,5174247,LOOSLI LEAD 555,153,81,72,12,-2.4,83,132,0.31,1.12,26,9,14,8,18,0.56,0.05,41,0.31,0.01
32,5174353,LOOSLI FLASHDRIVE 5110,96,35,61,12,-0.4,79,127,0.3,1.64,28,21,10,7,15,0.75,0.12,28,0.1,0.03
33,5174429,LOOSLI COLLUSION 5148,153,69,85,12,-1.5,72,124,0.32,0.95,22,6,10,5,19,0.66,0.1,35,0.14,0.01
34,5174303,LOOSLI FOREMAN 583,85,37,48,10,-1,84,140,0.35,1.09,22,10,16,5,11,0.38,0.12,26,0.03,0.03
35,5174223,LOOSLI ADVANTAGE 543,108,65,43,23,-5.9,72,104,0.2,1.04,34,5,17,9,16,0.65,0.08,19,0,0.01
36,5174253,LOOSLI COMPLETE 558,127,73,54,16,-3.1,69,115,0.29,1.15,26,12,14,7,19,0.75,0.19,12,-0.03,0.06
37,5174883,LOOSLI LEAD 517,121,74,47,10,0,82,134,0.33,1.26,24,10,13,6,18,0.32,0.09,33,0.03,0
38,5174255,LOOSLI FOREMAN 559,90,47,43,13,-1.5,82,134,0.32,1.16,24,12,14,8,13,0.27,0.04,32,0.28,0.01
39,5174471,LOOSLI FLASHDRIVE 5169,163,63,100,10,1.8,103,164,0.38,1.39,30,18,13,7,16,0.91,0.02,51,0.57,0.01
40,5174275,LOOSLI COLLUSION 569,111,68,44,17,-3.1,68,115,0.29,0.88,29,4,10,8,18,0.27,0.16,29,-0.2,0
41,5174239,LOOSLI LEAD 551,106,86,20,11,0.6,72,118,0.29,0.97,27,9,14,6,20,0.2,0.07,13,-0.07,0.01
42,5174387,LOOSLI HARD DRIVE 5127,116,49,67,12,-2.6,79,132,0.33,0.88,29,8,14,6,14,0.55,0.12,28,0.04,0.02
43,5174461,LOOSLI FLASHDRIVE 5164,133,58,75,13,-0.9,78,120,0.26,1.08,22,14,12,8,16,0.91,0.11,30,0.26,0.04
44,5174225,LOOSLI COLLUSION 544,104,63,41,19,-2.4,62,103,0.25,0.72,25,7,9,9,18,0.37,0.14,17,-0.14,0.03
45,5174157,LOOSLI COLLUSION 506,143,91,52,18,-6,52,86,0.22,0.81,25,1,11,8,22,0.78,0.21,7,-0.52,0.02
46,5174167,LOOSLI ADVANTAGE 512,132,83,49,14,-2.2,88,137,0.31,1.21,34,2,16,9,16,0.4,0.07,36,0.18,0.01
47,5174179,LOOSLI FLASHDRIVE 519,107,55,52,15,-3.4,67,113,0.29,1.28,28,16,12,9,16,0.42,0.15,31,0.3,0.06
48,5174389,LOOSLI FLASHDRIVE 5128,137,56,81,12,-1.8,87,142,0.34,1.45,32,22,11,8,18,0.77,-0.06,34,0.54,0
49,5174219,LOOSLI ADVANTAGE 541,120,58,61,13,-3,77,124,0.29,1,28,5,13,8,14,0.52,0.13,32,0.09,0.02
50,5174339,LOOSLI ADVANTAGE 5103,111,58,53,8,-0.1,86,124,0.24,0.94,28,7,14,5,15,0.56,0.01,32,0.22,0
51,5174337,LOOSLI COMPLETE 5102,127,55,72,8,1.1,76,129,0.33,1,30,13,14,6,16,0.6,0.19,32,0.05,0.04
52,5174211,LOOSLI COLLUSION 536,123,80,43,18,-2.6,72,113,0.26,1.24,24,5,17,10,16,0.64,0.08,11,0.04,0.03
53,5176843,LOOSLI COLLUSION 537,160,97,63,19,-5.3,60,95,0.22,0.71,24,2,11,11,21,0.79,0.16,16,-0.29,0.01
54,5174333,LOOSLI COLLUSION 5000,117,52,65,15,-2.1,69,111,0.26,0.88,28,8,10,8,15,0.59,0.08,28,0.17,0.02
55,5174331,LOOSLI LEAD 599,99,43,56,8,-0.8,80,134,0.34,0.98,30,12,13,5,14,0.39,0.09,30,0.11,0.02
56,5174177,LOOSLI COMPLETE 518,104,60,44,14,-3.2,67,110,0.27,1.02,29,11,14,8,16,0.63,0.17,9,-0.16,0.04
57,5174165,LOOSLI COMPLETE 511,129,87,42,17,-3.8,68,115,0.29,1,28,11,12,8,22,0.53,0.1,7,-0.09,0.03
58,5174269,LOOSLI FLASHDRIVE 566,142,88,54,12,-0.4,79,128,0.3,1.39,32,17,13,8,21,0.68,0.17,24,-0.07,0.03
59,5174229,LOOSLI LEAD 546,151,113,38,12,-1.2,61,98,0.23,0.84,26,7,16,9,23,0.44,0,10,0.17,0.02
60,5174367,LOOSLI FLASHDRIVE 5117,132,70,62,16,-1.8,75,118,0.27,1.44,32,15,15,8,18,0.76,0.1,29,0.4,0.06
61,5174205,LOOSLI AGENT 532,114,66,48,10,-2.3,67,113,0.28,0.98,29,14,14,9,17,0.54,0.18,16,-0.12,0.04
62,5135011,LOOSLI JM ATOMIC N5,67,48,19,17,-4,52,79,0.17,-0.19,28,3,10,11,13,0.22,0.1,1,-0.12,0.04
63,5135023,LOOSLI JM PRIME N4,163,93,70,16,-4.6,61,94,0.2,0.49,28,-2,13,8,20,0.77,0.08,20,0.22,0.04
64,5174261,LOOSLI COLLUSION 562,117,72,46,19,-3.6,72,111,0.25,0.83,24,3,10,9,18,0.55,0.1,17,-0.03,0.02
65,5174151,LOOSLI FLASHDRIVE 503,125,56,69,16,-4.6,71,118,0.29,1.43,27,17,13,9,16,0.83,0.02,20,0.35,0.03
66,5174411,LOOSLI COMPLETE 5139,107,45,62,8,-2.5,66,108,0.27,0.71,25,9,11,4,16,0.56,0.05,21,-0.03,0
67,5174155,LOOSLI FLASHDRIVE 505,104,23,81,7,1,81,135,0.34,1.52,32,24,13,5,14,0.66,0,41,0.61,0.02
68,5174221,LOOSLI FOREMAN 542,131,74,57,9,1.3,88,145,0.35,1.21,21,6,15,6,17,0.38,-0.07,30,0.42,-0.01
69,5174265,LOOSLI FLASHDRIVE 564,131,81,51,15,-1.9,74,119,0.28,1.37,28,17,11,9,21,0.59,0.17,26,0.21,0.06
70,5174249,LOOSLI REALITY 556,138,68,70,20,-4.2,80,131,0.32,0.91,27,8,12,9,17,0.88,0.19,17,-0.19,0.04
71,5174323,LOOSLI LOADED 595,109,38,71,7,1,97,162,0.41,1.42,25,14,14,6,13,0.54,-0.06,32,0.53,0
72,5174335,LOOSLI LOADED 5101,125,66,59,15,-2.6,75,120,0.28,1.29,27,13,13,9,17,0.62,0.16,31,0.04,0.03
73,5174311,LOOSLI COMPLETE 588 T,110,44,66,10,-0.7,72,118,0.29,0.79,32,7,14,5,14,0.66,0.12,22,-0.16,0
74,5174299,LOOSLI COLLUSION 581,141,79,62,17,-1.6,72,116,0.28,0.79,28,6,10,9,20,0.54,0.09,27,-0.09,0
75,5174403,LOOSLI SUPREMACY 5135,72,44,28,12,-1.8,77,113,0.22,0.86,23,9,13,5,15,0.38,0.14,22,-0.12,0.02
76,5174329,LOOSLI COMPLETE 598,133,71,62,15,-1.5,73,119,0.29,0.78,32,4,15,6,17,0.8,0.22,15,-0.19,0.05
77,5174327,LOOSLI COMPLETE 597,122,49,73,8,0.1,84,141,0.36,1.01,30,10,14,5,14,0.57,0.06,31,0.1,0
78,5174405,LOOSLI COLLUSION 5136,132,65,67,12,-1.5,71,112,0.26,0.98,23,5,11,6,18,0.69,0.02,25,0.15,0
79,5174425,LOOSLI FLASHDRIVE 5146,137,72,65,15,-3.2,65,105,0.25,1.25,32,13,15,9,18,0.7,0.06,26,0.24,0.03
80,5174321,LOOSLI COLLUSION 594,114,60,54,10,0.3,77,125,0.3,0.8,25,4,12,7,15,0.39,0.1,29,-0.18,-0.02
81,5174395,LOOSLI AGENT 5131,135,64,71,11,-1.1,74,124,0.31,0.66,25,9,11,7,17,0.64,0.25,29,-0.1,0.05
82,5135009,LOOSLI JM ATOMIC N8,99,41,58,7,1.3,78,129,0.31,1.06,28,5,8,6,14,0.55,0.11,25,0.05,0.02
83,5174371,LOOSLI ADVANTAGE 5119,140,97,44,15,-4.6,78,111,0.2,0.92,29,6,13,9,21,0.45,0.14,38,0.07,0.02
84,5174233,LOOSLI COLLUSION 548,148,87,61,21,-5.3,56,92,0.22,0.75,26,4,10,11,20,0.81,0.16,11,-0.3,0.02
85,5174181,LOOSLI FLASHDRIVE 520,135,58,77,13,-2.2,77,125,0.3,1.48,32,21,13,7,18,0.74,0.2,44,0.28,0.06
86,5174319,LOOSLI COLLUSION 593,128,76,51,15,-2.1,67,107,0.25,0.65,24,3,11,7,19,0.48,0.19,25,-0.18,0.02
87,5174467,LOOSLI MISSION 5167,137,75,62,11,-0.9,76,121,0.28,0.98,28,4,14,7,17,0.59,0.11,30,0.1,0.02
88,5174449,LOOSLI DELEGATE 5158,112,73,39,21,-3.6,72,114,0.26,0.81,31,7,12,9,19,0.49,0.13,13,-0.16,0.03
89,5174407,LOOSLI COLLUSION 5137,125,77,47,19,-2.9,69,111,0.26,1.1,27,5,10,8,20,0.57,0.17,19,-0.17,0.03
90,5174343,LOOSLI COMPLETE 5105,121,44,76,9,-1.3,82,137,0.34,0.76,31,8,14,5,14,0.65,0.13,30,0.23,0.05
91,5174361,LOOSLI REALITY 5114,118,82,36,9,0.6,87,144,0.36,1.16,27,12,14,6,20,0.17,0.07,31,0.27,0.03
92,5174301,LOOSLI SHADE 582,38,-5,44,6,1.6,91,153,0.39,1.18,24,8,10,3,7,0.27,0.13,30,0.1,0.03
93,5174373,LOOSLI FLASHDRIVE 5120,101,51,50,20,-6.8,64,104,0.25,0.78,27,6,13,10,14,0.65,0.13,9,-0.12,0.04
94,5174305,LOOSLI ADVANTAGE 584,70,31,39,12,-2.2,75,115,0.25,0.95,30,4,14,7,9,0.32,0.15,33,-0.02,0.02
95,5174345,LOOSLI COMPLETE 5106,135,80,55,15,-1,74,122,0.3,1.12,31,13,13,8,20,0.49,0.14,28,0.07,0.03
96,5174391,LOOSLI MISSION 5129,129,66,63,9,-0.7,70,111,0.25,1.11,31,5,14,6,16,0.66,0.02,25,0.41,0.03
97,5174421,LOOSLI LEAD 5144,140,69,71,14,-2.1,83,136,0.33,1.02,29,7,15,8,15,0.55,0.23,43,0.08,0.05
98,5174399,LOOSLI DELEGATE 5133,57,25,32,12,-2.1,77,121,0.28,0.51,30,2,8,6,11,0.31,0.01,10,0,0
99,5174443,LOOSLI COLLUSION 5155,130,57,73,10,-0.3,81,136,0.34,0.96,26,4,11,6,15,0.51,-0.01,31,0.22,-0.01
100,5174491,LOOSLI COMPLETE 5179,112,41,71,12,-1.1,75,121,0.29,0.86,29,11,12,7,14,0.59,0.12,35,0.18,0.03
101,5174423,LOOSLI ADVANTAGE 5145,106,66,40,15,-4.2,78,118,0.25,1.07,33,7,13,7,17,0.45,0.13,27,-0.14,0
102,5174417,LOOSLI DELEGATE 5142,91,55,36,15,-2,73,114,0.25,0.66,24,4,8,7,16,0.41,-0.03,8,0.13,0
103,5174365,LOOSLI HARD DRIVE 5116,139,75,64,11,-1.8,78,128,0.31,0.7,29,10,15,6,18,0.44,0.09,31,0.09,0.01
104,5174295,LOOSLI ADVANTAGE 579,96,17,80,11,-3.2,77,119,0.26,1.27,28,5,14,7,7,0.8,0.07,41,0.2,0
105,5174285,LOOSLI LEAD 574,115,96,19,16,-2.3,72,118,0.29,0.68,23,6,14,8,21,0.2,0.13,10,-0.16,0.03
106,5174509,LOOSLI HARD DRIVE 5188,138,79,59,13,-3.1,74,118,0.28,0.92,32,8,13,7,19,0.5,-0.01,26,0.4,0.02
107,5174231,LOOSLI FLASHDRIVE 547,141,73,68,17,-3.5,71,116,0.28,1.22,28,18,10,9,20,0.86,-0.04,13,0.24,0.01
108,5174375,LOOSLI MISSION 5121,118,62,56,11,-2.2,67,108,0.25,0.94,27,2,14,7,14,0.52,0.04,24,0.33,0.03
109,5174315,LOOSLI COLLUSION 590 T,67,34,33,12,-1.5,64,103,0.24,0.86,22,4,13,7,11,0.42,0.03,7,-0.18,-0.01
110,5174281,LOOSLI LEAD 572,111,80,30,14,-3.7,63,100,0.23,0.98,23,5,15,7,19,0.44,0.05,8,0.02,0.02
111,5174351,LOOSLI AGENT 5109,73,46,27,21,-5.7,61,93,0.2,0.63,30,4,11,11,13,0.45,0.13,7,-0.38,0.01
112,5174325,LOOSLI FLASHDRIVE 596,108,52,56,14,-2.3,69,114,0.29,0.9,21,2,11,7,15,0.67,0.07,10,-0.19,0
113,5174415,LOOSLI LEAD 5141,136,82,54,8,1.5,95,152,0.35,1.08,26,11,15,7,18,0.32,0.14,44,0.23,0.03
114,5174439,LOOSLI MISSION 5153,100,49,51,8,0.1,67,98,0.2,1.08,29,7,13,7,14,0.67,0.11,24,0.12,0.03
115,5174465,LOOSLI FLASHDRIVE 5166,109,50,60,17,-1.7,82,131,0.3,1.38,32,21,13,9,16,0.76,0.21,28,-0.05,0.05
116,5135015,LOOSLI JM IGNITE N13,65,26,39,23,-6.8,58,96,0.23,0.27,27,13,11,10,13,0.36,-0.09,1,0.4,0.03
117,5174497,LOOSLI HARD DRIVE 5182,97,54,44,12,-1.7,82,135,0.33,1.03,32,10,14,7,14,0.12,-0.04,38,0.51,0
118,5174409,LOOSLI SUPREMACY 5138,88,69,20,13,-2.3,66,97,0.19,0.86,26,8,13,6,18,0.46,0.06,4,-0.17,0.01
119,5174447,LOOSLI COLLUSION 5157,92,76,17,13,-2.4,57,85,0.18,0.89,26,5,10,8,19,0.32,0.05,8,-0.19,0
120,5174237,LOOSLI COLLUSION 550 T,124,81,43,16,-4,59,100,0.25,0.86,24,1,11,9,19,0.3,0.09,24,0.07,0.02
121,5174297,LOOSLI FLASHDRIVE 580,116,53,63,13,-2.1,74,116,0.27,1.14,27,15,11,9,16,0.89,0.02,13,0.13,0.02
122,5174163,LOOSLI COLLUSION 510,97,22,76,9,2.4,79,131,0.33,0.71,20,1,11,5,10,0.46,0.06,39,-0.02,-0.03
123,5174209,LOOSLI COLLUSION 534,116,45,71,11,-0.1,73,120,0.3,0.94,25,3,12,7,13,0.53,0.04,34,0.22,0
124,5174487,LOOSLI AGENT 5177,132,87,45,15,-2.7,68,104,0.23,0.93,28,11,16,11,18,0.4,0.23,35,0.06,0.06
125,5174437,LOOSLI REALITY 5152,83,28,54,10,-0.3,84,135,0.32,1.03,26,6,10,6,11,0.41,0.14,35,0,0.01